Topic,movie,cooper,like,planet,murph,tars,years,moment
T0,0.268735895614,0.189778984431,0.169436908153,0.0000000001,0.0000000001,0.0000000001,0.0000000001,0.0000000001
T1,0.265398283299,0.290820690455,0.0000000001,0.231448036284,0.0000000001,0.0000000001,0.0000000001,0.0000000001
T2,0.0000000001,0.322057230049,0.0000000001,0.262393271759,0.218230538403,0.0000000001,0.0000000001,0.0000000001
